,precision,recall,f1-score,support
0,0.9607843137254902,0.9607843137254902,0.9607843137254902,51.0
1,1.0,0.9,0.9473684210526316,40.0
2,0.8604651162790697,0.9487179487179487,0.9024390243902439,39.0
accuracy,0.9384615384615385,0.9384615384615385,0.9384615384615385,0.9384615384615385
macro avg,0.9404164766681866,0.9365007541478129,0.9368639197227885,130.0
weighted avg,0.9427549194991055,0.9384615384615385,0.939152759948652,130.0
